company_canonical,aircraft_name,year_from,year_to,known_type,basis
KARI,OPPAV,2019,2023,SLC,"Optionally Piloted Personal Air Vehicle, KARI's 1-seat demonstrator — proposed 2026-09-16, verify from the figures"
KARI,TR-60,2006,2012,TR,"KARI Smart UAV tiltrotor demonstrator — proposed 2026-09-16, verify"
Uber Elevate,eCRM,2018,2020,,"Uber Elevate Common Reference Model (eCRM-001/002/003) — proposed 2026-09-16, verify"
NASA,GL-10 Greased Lightning,2014,2017,TW,"NASA Langley distributed-electric tilt-wing demonstrator — proposed 2026-09-16, verify"
NASA,Puffin,2010,2012,TB,"NASA Puffin personal tail-sitter concept — proposed 2026-09-16, verify"
NASA,X-57 Maxwell,2016,2023,,"NASA distributed-electric testbed (not VTOL) — proposed 2026-09-16, verify"
Leonardo,Project Zero,2011,2014,TR,"AgustaWestland all-electric tilt-rotor demonstrator — proposed 2026-09-16, verify"
Leonardo,AW609,1998,2030,TR,"civil tiltrotor (turbine) — proposed 2026-09-16, verify"
Sikorsky,Firefly,2010,2012,,"Sikorsky electric helicopter demonstrator — proposed 2026-09-16, verify"
Sikorsky,S-97 Raider,2010,2030,,"coaxial compound helicopter — proposed 2026-09-16, verify"
Lockheed Martin,F-35B,2001,2030,,"STOVL fighter, lift fan — proposed 2026-09-16, verify"
Amazon,Prime Air MK30,2019,2030,SLC,"Amazon delivery drone, hexagonal lift+cruise — proposed 2026-09-16, verify"
Alphabet / X,Wing delivery drone,2014,2030,SLC,"Wing (Alphabet) delivery aircraft — proposed 2026-09-16, verify"
AeroVironment,Quantix,2016,2030,TB,"tail-sitter survey drone — proposed 2026-09-16, verify"
AeroVironment,Sunglider,2016,2030,,"HAPS solar aircraft — proposed 2026-09-16, verify"
Whisper Aero,Whisper Jet,2021,2030,,"Whisper Aero ducted-fan aircraft — proposed 2026-09-16, verify"
DeLorean Aerospace,DR-7,2012,2030,TR,"2-seat tilt-duct eVTOL — proposed 2026-09-16, verify"
Hop Flyt,Venturi,2018,2030,TW,"Hop Flyt channel-wing tilt eVTOL — proposed 2026-09-16, verify"
Aeronext,Next VTOL,2017,2030,,"Aeronext 4D Gravity airframe — proposed 2026-09-16, verify"
Neoptera,eOpter,2018,2030,,"Neoptera tandem tilt-wing concept — proposed 2026-09-16, verify"
Shanghai Shidi Technology,E20,2021,2030,CVT,"TCab Tech E20 eVTOL (Shanghai Shidi) — proposed 2026-09-16, verify"
Subaru,Air Mobility Concept,2020,2030,,"Subaru eVTOL demonstrator — proposed 2026-09-16, verify"
IAI,Panther,2010,2030,TR,"Israel Aerospace tilt-rotor UAV — proposed 2026-09-16, verify"
Anduril,Ghost,2018,2030,,"Anduril Ghost rotorcraft UAV — proposed 2026-09-16, verify"
Rolls-Royce,Spirit of Innovation,2019,2023,,"electric record aircraft (not VTOL) — proposed 2026-09-16, verify"
Porsche,Porsche-Boeing concept,2019,2022,,"Porsche / Boeing premium urban air mobility study — proposed 2026-09-16, verify"
Mitsubishi,MEAP,2019,2030,,"Mitsubishi electric aviation study — proposed 2026-09-16, verify"
