patent_id,batch,candidate,source,text_hit,text_section,text_quote,company,assignee,wizard_name,aircraft_group,n_aircraft,image_types,candidate_public_type,type_match,company_types_differ,company_portfolio,priority_year,title
US2020223542A1,Batch_01,Vertiia,gazetteer,not in the text,,,AMSL Innovations,AMSL INNOVATIONS PL (AU),AMSL INNOVATIONS,Amsl Innovations,1,TW,TR,no,,"Vertiia (2018–2030, TR)",2017,WING TILT ACTUATION SYSTEM FOR ELECTRIC VERTICAL TAKE-OFF AND LANDING (VTOL) AIRCRAFT
US2016207625A1,Batch_01,CityAirbus,variant proposal,not in the text,,,Airbus,AIRBUS DEFENCE & SPACE GMBH (DE); STEUBBEUS FLUGZEUG UND LEICHTBAU GMBH (DE),AIrbus Defence 3,AIrbus Defence 3,5,SLC|SLC|SLC|SLC|SLC,MR,no,yes,"Vahana (2016–2019, ?); CityAirbus (2016–2021, MR); CityAirbus NextGen (2021–2030, SLC)",2013,Aircraft Capable of Vertical Take-Off
US2016207625A1,Batch_01,Vahana,variant proposal,not in the text,,,Airbus,AIRBUS DEFENCE & SPACE GMBH (DE); STEUBBEUS FLUGZEUG UND LEICHTBAU GMBH (DE),AIrbus Defence 3,AIrbus Defence 3,5,SLC|SLC|SLC|SLC|SLC,,,yes,"Vahana (2016–2019, ?); CityAirbus (2016–2021, MR); CityAirbus NextGen (2021–2030, SLC)",2013,Aircraft Capable of Vertical Take-Off
EP3770063A1,Batch_01,CityAirbus,variant proposal,not in the text,,,Airbus,AIRBUS HELICOPTERS DEUTSCHLAND GMBH (DE),AIRBUS HELICOPTERS 4,AIRBUS HELICOPTERS 4,2,MR|MR,MR,yes,yes,"Vahana (2016–2019, ?); CityAirbus (2016–2021, MR); CityAirbus NextGen (2021–2030, SLC)",2019,A MULTIROTOR AIRCRAFT WITH DUCTED ROTORS
EP3770063A1,Batch_01,Vahana,variant proposal,not in the text,,,Airbus,AIRBUS HELICOPTERS DEUTSCHLAND GMBH (DE),AIRBUS HELICOPTERS 4,AIRBUS HELICOPTERS 4,2,MR|MR,,,yes,"Vahana (2016–2019, ?); CityAirbus (2016–2021, MR); CityAirbus NextGen (2021–2030, SLC)",2019,A MULTIROTOR AIRCRAFT WITH DUCTED ROTORS
US2020269975A1,Batch_01,CityAirbus,variant proposal,not in the text,,,Airbus,AIRBUS HELICOPTERS DEUTSCHLAND GMBH (DE),AIRBUS HELICOPTERS 5,AIRBUS HELICOPTERS 5,4,PTC|PTC|PTC|SLC,MR,no,yes,"Vahana (2016–2019, ?); CityAirbus (2016–2021, MR); CityAirbus NextGen (2021–2030, SLC)",2019,MULTIROTOR AIRCRAFT THAT IS ADAPTED FOR VERTICAL TAKE-OFF AND LANDING
US2020269975A1,Batch_01,Vahana,variant proposal,Description,Description,"the multicopter Volocopter 2X from e-Volo GmbH, the Cora from Kitty Hawk Corp., the eVTOL Vahana from Airbus A3, and the Joby S2 VTOL from Joby Aviation.",Airbus,AIRBUS HELICOPTERS DEUTSCHLAND GMBH (DE),AIRBUS HELICOPTERS 5,AIRBUS HELICOPTERS 5,4,PTC|PTC|PTC|SLC,,,yes,"Vahana (2016–2019, ?); CityAirbus (2016–2021, MR); CityAirbus NextGen (2021–2030, SLC)",2019,MULTIROTOR AIRCRAFT THAT IS ADAPTED FOR VERTICAL TAKE-OFF AND LANDING
US2020269980A1,Batch_01,CityAirbus,variant proposal,not in the text,,,Airbus,AIRBUS HELICOPTERS DEUTSCHLAND GMBH (DE),AIRBUS HELICOPTERS 6,AIRBUS HELICOPTERS 6,2,SLC|SLC,MR,no,yes,"Vahana (2016–2019, ?); CityAirbus (2016–2021, MR); CityAirbus NextGen (2021–2030, SLC)",2019,MULTIROTOR JOINED-WING AIRCRAFT WITH VTOL CAPABILITIES
US2020269980A1,Batch_01,Vahana,variant proposal,Description,Description,"the multicopter Volocopter 2X from e-Volo GmbH, the Cora from Kitty Hawk Corp., the eVTOL Vahana from Airbus A3, and the Joby S2 VTOL from Joby Aviation.",Airbus,AIRBUS HELICOPTERS DEUTSCHLAND GMBH (DE),AIRBUS HELICOPTERS 6,AIRBUS HELICOPTERS 6,2,SLC|SLC,,,yes,"Vahana (2016–2019, ?); CityAirbus (2016–2021, MR); CityAirbus NextGen (2021–2030, SLC)",2019,MULTIROTOR JOINED-WING AIRCRAFT WITH VTOL CAPABILITIES
US2022380033A1,Batch_01,CityAirbus NextGen,gazetteer,not in the text,,,Airbus,AIRBUS HELICOPTERS SAS (FR),AIRBUS HELICOPTERS 7,AIRBUS HELICOPTERS 7,2,SLC|SLC,SLC,yes,yes,"Vahana (2016–2019, ?); CityAirbus (2016–2021, MR); CityAirbus NextGen (2021–2030, SLC)",2021,AIRCRAFT HAVING AT LEAST ONE PROPELLER AND A ROTARY WING PROVIDED WITH TWO ROTORS CARRIED BY TWO HALF-WINGS
US2023192279A1,Batch_01,CityAirbus NextGen,gazetteer,not in the text,,,Airbus,AIRBUS HELICOPTERS SAS (FR); AIRBUS HELICOPTERS DEUTSCHLAND GMBH (DE); AIRBUS HELICOPTERS DEUTSCHLAND GMBH (FR),AIRBUS HELICOPTERS 8,AIRBUS HELICOPTERS 8,1,SLC,SLC,yes,yes,"Vahana (2016–2019, ?); CityAirbus (2016–2021, MR); CityAirbus NextGen (2021–2030, SLC)",2021,ROTARY WING AIRCRAFT WITH AT LEAST TWO ROTORS AND A PROPULSION UNIT
US2020115045A1,Batch_01,CityAirbus,variant proposal,not in the text,,,Airbus,AIRBUS HELICOPTERS SAS (FR),AIRBUS HELICOPTERS 9,AIRBUS HELICOPTERS 9,2,SLC|SLC,MR,no,yes,"Vahana (2016–2019, ?); CityAirbus (2016–2021, MR); CityAirbus NextGen (2021–2030, SLC)",2018,ELECTRICALLY OR HYBRID POWERED MULTIROTOR AIRCRAFT WITH OPTIMIZED ENERGY CONSUMPTION
US2020115045A1,Batch_01,Vahana,variant proposal,not in the text,,,Airbus,AIRBUS HELICOPTERS SAS (FR),AIRBUS HELICOPTERS 9,AIRBUS HELICOPTERS 9,2,SLC|SLC,,,yes,"Vahana (2016–2019, ?); CityAirbus (2016–2021, MR); CityAirbus NextGen (2021–2030, SLC)",2018,ELECTRICALLY OR HYBRID POWERED MULTIROTOR AIRCRAFT WITH OPTIMIZED ENERGY CONSUMPTION
US2020398980A1,Batch_01,CityAirbus,gazetteer,not in the text,,,Airbus,AIRBUS HELICOPTERS SAS (FR),AIRBUS HELICOPTERS 10,AIRBUS HELICOPTERS 10,1,SLC,MR,no,yes,"Vahana (2016–2019, ?); CityAirbus (2016–2021, MR); CityAirbus NextGen (2021–2030, SLC)",2019,FLIGHT CONTROL HANDLE AND A HYBRID ROTORCRAFT PROVIDED WITH A LIFT ROTOR AND WITH AT LEAST ONE PROPELLER PROPULSIVE ROTOR THAT GENERATES THRUST
US2021362849A1,Batch_01,Maker,gazetteer,not in the text,,,Archer Aviation,ARCHER AVIATION INC (US),ARCHER AVIATION,Archer Aviation,1,CVT,CVT,yes,,"Maker (2019–2022, CVT); Midnight (2022–2030, CVT)",2020,VERTICAL TAKE-OFF AND LANDING AIRCRAFT
US2022250742A1,Batch_01,Maker,gazetteer,not in the text,,,Archer Aviation,ARCHER AVIATION INC (US),ARCHER AVIATION 2,ARCHER AVIATION 2,1,TR,CVT,no,,"Maker (2019–2022, CVT); Midnight (2022–2030, CVT)",2021,VERTICAL TAKE-OFF AND LANDING AIRCRAFT WITH AFT ROTOR TILTING
US2022388649A1,Batch_01,Maker,gazetteer,not in the text,,,Archer Aviation,ARCHER AVIATION INC (US),ARCHER AVIATION 3,ARCHER AVIATION 3,1,TR,CVT,no,,"Maker (2019–2022, CVT); Midnight (2022–2030, CVT)",2021,FLYING WING VERTICAL TAKE-OFF AND LANDING AIRCRAFT
FR3143549A1,Batch_01,ATEA,gazetteer,not in the text,,,Ascendance Flight Technologies,ASCENDANCE FLIGHT TECH (FR),ASCENDANCE FLIGHT,Ascendance Flight,1,SLC,SLC,yes,,"ATEA (2018–2030, SLC)",2022,vertical takeoff and landing aircraft wing
US2018162525A1,Batch_01,Passenger Air Vehicle,gazetteer,not in the text,,,Aurora Flight Sciences,AURORA FLIGHT SCIENCE CORP (US),AURORA FLIGHT,AURORA FLIGHT,1,SLC,SLC,yes,,"Passenger Air Vehicle (2017–2020, SLC)",2016,Double-Blown Wing Vertical Takeoff and Landing Aircraft
US2017203839A1,Batch_01,Passenger Air Vehicle,gazetteer,not in the text,,,Aurora Flight Sciences,AURORA FLIGHT SCIENCE CORP (US),AURORA FLIGHT 2,AURORA FLIGHT 2,1,MR,SLC,no,,"Passenger Air Vehicle (2017–2020, SLC)",2016,Hybrid Propulsion Vertical Take-Off and Landing Aircraft
US2021031910A1,Batch_01,Passenger Air Vehicle,gazetteer,not in the text,,,Aurora Flight Sciences,AURORA FLIGHT SCIENCE CORP (US),AURORA FLIGHT 3,AURORA FLIGHT 3,1,SLC,SLC,yes,,"Passenger Air Vehicle (2017–2020, SLC)",2019,RETRACTABLE PROPULSOR ASSEMBLIES FOR VERTICAL TAKE-OFF AND LANDING (VTOL) AIRCRAFT
US2021309351A1,Batch_01,Passenger Air Vehicle,gazetteer,not in the text,,,Aurora Flight Sciences,AURORA FLIGHT SCIENCE CORP (US),AURORA FLIGHT 4,AURORA FLIGHT 4,1,TW,SLC,no,,"Passenger Air Vehicle (2017–2020, SLC)",2020,AIRCRAFT HAVING HYBRID PROPULSION
US2021016876A1,Batch_01,Passenger Air Vehicle,gazetteer,not in the text,,,Aurora Flight Sciences,AURORA FLIGHT SCIENCE CORP (US),AURORA FLIGHT 5,Aurora Flight 5,1,SLC,SLC,yes,,"Passenger Air Vehicle (2017–2020, SLC)",2019,PASSIVE ROTOR ALIGNMENT IN A FREE-WHEELING STATE
USD902828S,Batch_01,Passenger Air Vehicle,gazetteer,not in the text,,,Aurora Flight Sciences,AURORA FLIGHT SCIENCE CORP (US),AURORA FLIGHT 6,AURORA FLIGHT 6,1,SLC,SLC,yes,,"Passenger Air Vehicle (2017–2020, SLC)",2019,Aircraft
US2021300527A1,Batch_01,Passenger Air Vehicle,gazetteer,not in the text,,,Aurora Flight Sciences,AURORA FLIGHT SCIENCE CORP (US),AURORA FLIGHT 7,AURORA FLIGHT 7,1,CVT,SLC,no,,"Passenger Air Vehicle (2017–2020, SLC)",2020,SHIFTING A CENTER OF GRAVITY OF AN AIRCRAFT
US2021362836A1,Batch_01,Passenger Air Vehicle,gazetteer,not in the text,,,Aurora Flight Sciences,"AURORA FLIGHT SCIENCE CORP (MANASSAS, US)",AURORA FLIGHT 8,AURORA FLIGHT 8,1,SLC,SLC,yes,,"Passenger Air Vehicle (2017–2020, SLC)",2020,UPPER SURFACE LOUVERS FOR LIFT FANS
CN106585976A,Batch_01,AirVehicle,sbert,names it (Summary of invention),Summary of invention,"The high-speed remote advantage of Fixed Wing AirVehicle combines, and in the army and the people's aviation field bigger effect is played.",Beihang University,"BEIHANG UNIV (MUNICIPAL DISTRICT, CN)",BEIHANG UNIV 4,BEIHANG UNIV 4,1,CVT,,,,,2016,Aircraft layout of tilt rotors/lift fan during high-speed long endurance
US2012199699A1,Batch_01,APT,variant proposal,not in the text,,,Bell / Textron,BELL HELICOPTER TEXTRON INC (US),BELL HELICOPTER 2,Bell Helicopter 2,2,TR|TR,TB,no,yes,"Nexus (2018–2022, TR); APT (2017–2022, TB)",2011,Tilt Rotor Aircraft with Fixed Engine Arrangement
US2012199699A1,Batch_01,Nexus,variant proposal,not in the text,,,Bell / Textron,BELL HELICOPTER TEXTRON INC (US),BELL HELICOPTER 2,Bell Helicopter 2,2,TR|TR,TR,yes,yes,"Nexus (2018–2022, TR); APT (2017–2022, TB)",2011,Tilt Rotor Aircraft with Fixed Engine Arrangement
US2018354616A1,Batch_01,APT,gazetteer,not in the text,,,Bell / Textron,BELL HELICOPTER TEXTRON INC (US),Bell Helicopter 34,Bell Helicopter 34,1,TR,TB,no,yes,"Nexus (2018–2022, TR); APT (2017–2022, TB)",2017,TILTROTOR AIRCRAFT WITH OUTBOARD FIXED ENGINES
US2018339773A1,Batch_01,APT,gazetteer,not in the text,,,Bell / Textron,BELL HELICOPTER TEXTRON INC (US),BELL HELICOPTER 7,BELL HELICOPTER 7,1,TB,TB,yes,yes,"Nexus (2018–2022, TR); APT (2017–2022, TB)",2017,Rotor Assembly having Thrust Vectoring Capabilities
US2021094674A1,Batch_01,APT,gazetteer,not in the text,,,Bell / Textron,BELL TEXTRON INC (US),BELL TEXTRON,BELL TEXTRON,1,MR,TB,no,yes,"Nexus (2018–2022, TR); APT (2017–2022, TB)",2019,ROTOR ASSEMBLY
EP3636545A1,Batch_01,Bell Helicopter 9,"wizard name, not the assignee",not in the text,,,Bell / Textron,BELL TEXTRON INC (US),Bell Helicopter 9,Bell Helicopter 9,1,TB,,,yes,"Nexus (2018–2022, TR); APT (2017–2022, TB)",2018,AUTONOMOUS PACKAGE DELIVERY AIRCRAFT
US11319064B1,Batch_01,Bell Helicopter 8,"wizard name, not the assignee",not in the text,,,Bell / Textron,TEXTRON INNOVATIONS INC (US),Bell Helicopter 8,Bell Helicopter 8,1,TB,,,yes,"Nexus (2018–2022, TR); APT (2017–2022, TB)",2020,Autonomous payload deployment aircraft
US2019135424A1,Batch_01,APT,variant proposal,not in the text,,,Bell / Textron,AAI CORP (US),AAI CORP,AAI CORP,3,CVT|TR|TR,TB,no,yes,"Nexus (2018–2022, TR); APT (2017–2022, TB)",2017,VTOL AIRCRAFT HAVING FIXED-WING AND ROTORCRAFT CONFIGURATIONS
US2019135424A1,Batch_01,Nexus,variant proposal,not in the text,,,Bell / Textron,AAI CORP (US),AAI CORP,AAI CORP,3,CVT|TR|TR,TR,yes,yes,"Nexus (2018–2022, TR); APT (2017–2022, TB)",2017,VTOL AIRCRAFT HAVING FIXED-WING AND ROTORCRAFT CONFIGURATIONS
US2021107640A1,Batch_01,APT,variant proposal,not in the text,,,Bell / Textron,TEXTRON SYSTEM CORP (US),TEXTRON SYSTEM,TEXTRON SYSTEM,2,TR|TR,TB,no,yes,"Nexus (2018–2022, TR); APT (2017–2022, TB)",2019,SEPARATED LIFT-THRUST VTOL AIRCRAFT WITH ARTICULATED ROTORS
US2021107640A1,Batch_01,Nexus,variant proposal,not in the text,,,Bell / Textron,TEXTRON SYSTEM CORP (US),TEXTRON SYSTEM,TEXTRON SYSTEM,2,TR|TR,TR,yes,yes,"Nexus (2018–2022, TR); APT (2017–2022, TB)",2019,SEPARATED LIFT-THRUST VTOL AIRCRAFT WITH ARTICULATED ROTORS
US2022388647A1,Batch_01,APT,variant proposal,not in the text,,,Bell / Textron,TEXTRON INNOVATIONS INC (US),Textron Innovations,Textron Innovations,3,TR|TR|TR,TB,no,yes,"Nexus (2018–2022, TR); APT (2017–2022, TB)",2021,WINGED TILTROTOR AIRCRAFT
US2022388647A1,Batch_01,Nexus,variant proposal,not in the text,,,Bell / Textron,TEXTRON INNOVATIONS INC (US),Textron Innovations,Textron Innovations,3,TR|TR|TR,TR,yes,yes,"Nexus (2018–2022, TR); APT (2017–2022, TB)",2021,WINGED TILTROTOR AIRCRAFT
US2022306292A1,Batch_01,APT,variant proposal,not in the text,,,Bell / Textron,BELL TEXTRON INC (US),BELL TEXTRON 8,BELL TEXTRON 8,5,CVT|CVT|TR|CVT|CVT,TB,no,yes,"Nexus (2018–2022, TR); APT (2017–2022, TB)",2021,TILTING HEXROTOR AIRCRAFT
US2022306292A1,Batch_01,Nexus,variant proposal,not in the text,,,Bell / Textron,BELL TEXTRON INC (US),BELL TEXTRON 8,BELL TEXTRON 8,5,CVT|CVT|TR|CVT|CVT,TR,yes,yes,"Nexus (2018–2022, TR); APT (2017–2022, TB)",2021,TILTING HEXROTOR AIRCRAFT
US2022324558A1,Batch_01,APT,variant proposal,not in the text,,,Bell / Textron,BELL TEXTRON INC (US),Bell Textron 10,Bell Textron 10,2,CVT|CVT,TB,no,yes,"Nexus (2018–2022, TR); APT (2017–2022, TB)",2021,TILTING HEXROTOR AIRCRAFT
US2022324558A1,Batch_01,Nexus,variant proposal,not in the text,,,Bell / Textron,BELL TEXTRON INC (US),Bell Textron 10,Bell Textron 10,2,CVT|CVT,TR,no,yes,"Nexus (2018–2022, TR); APT (2017–2022, TB)",2021,TILTING HEXROTOR AIRCRAFT
US2016229531A1,Batch_01,APT,gazetteer,not in the text,,,Bell / Textron,BELL HELICOPTER TEXTRON INC (US),BELL HELICOPTER 11,BELL HELICOPTER 11,1,CVT,TB,no,yes,"Nexus (2018–2022, TR); APT (2017–2022, TB)",2014,CONVERTIBLE TILTROTOR AIRCRAFT
US2017144746A1,Batch_01,APT,gazetteer,not in the text,,,Bell / Textron,BELL HELICOPTER TEXTRON INC (US),Bell Helicopter 36,Bell Helicopter 36,1,CVT,TB,no,yes,"Nexus (2018–2022, TR); APT (2017–2022, TB)",2014,Tiltrotor Aircraft having Rotary and Non Rotary Flight Modes
US2018044012A1,Batch_01,APT,gazetteer,not in the text,,,Bell / Textron,BELL HELICOPTER TEXTRON INC (US),BELL HELICOPTER 30,BELL HELICOPTER 30,1,TW,TB,no,yes,"Nexus (2018–2022, TR); APT (2017–2022, TB)",2016,AIRCRAFT WITH TILTING CROSS-FLOW FAN WINGS
US2018334240A1,Batch_01,APT,gazetteer,not in the text,,,Bell / Textron,BELL HELICOPTER TEXTRON INC (US),Bell Helicopter 33,Bell Helicopter 33,1,TR,TB,no,yes,"Nexus (2018–2022, TR); APT (2017–2022, TB)",2017,AIRCRAFT HUB FAIRING WITH MOVABLE MEMBERS
US2018339761A1,Batch_01,APT,gazetteer,not in the text,,,Bell / Textron,BELL HELICOPTER TEXTRON INC (US),Bell Helicopter 13,Bell Helicopter 13,1,TB,TB,yes,yes,"Nexus (2018–2022, TR); APT (2017–2022, TB)",2017,Aircraft having M-Wings
US2018354615A1,Batch_01,APT,gazetteer,not in the text,,,Bell / Textron,BELL HELICOPTER TEXTRON INC (US),BELL HELICOPTER 14,BELL HELICOPTER 14,1,MR,TB,no,yes,"Nexus (2018–2022, TR); APT (2017–2022, TB)",2017,X-Tiltwing Aircraft
US2018362160A1,Batch_01,APT,gazetteer,not in the text,,,Bell / Textron,BELL HELICOPTER TEXTRON INC (US),Bell Helicopter 32,Bell Helicopter 32,1,HB,TB,no,yes,"Nexus (2018–2022, TR); APT (2017–2022, TB)",2017,PERSONAL AIR VEHICLE WITH DUCTED FANS
US2019031333A1,Batch_01,APT,gazetteer,not in the text,,,Bell / Textron,BELL HELICOPTER TEXTRON INC (US),BELL HELICOPTER 16,BELL HELICOPTER 16,1,TW,TB,no,yes,"Nexus (2018–2022, TR); APT (2017–2022, TB)",2017,Dual Tiltwing Aircraft having a Quadrilateral Linkage
US2019100313A1,Batch_01,APT,gazetteer,not in the text,,,Bell / Textron,BELL HELICOPTER TEXTRON INC (US),BELL HELICOPTER 17,BELL HELICOPTER 17,1,TR,TB,no,yes,"Nexus (2018–2022, TR); APT (2017–2022, TB)",2017,Tiltrotor Aircraft having Interchangeable Payload Modules
US2019100303A1,Batch_01,APT,gazetteer,not in the text,,,Bell / Textron,BELL HELICOPTER TEXTRON INC (US),BELL HELICOPTER 18,BELL HELICOPTER 18,1,TR,TB,no,yes,"Nexus (2018–2022, TR); APT (2017–2022, TB)",2017,Tiltrotor Aircraft having a Downwardly Tiltable Aft Rotor
US2019144107A1,Batch_01,APT,gazetteer,not in the text,,,Bell / Textron,BELL HELICOPTER TEXTRON INC (US),BELL HELICOPTER 19,BELL HELICOPTER 19,1,TR,TB,no,yes,"Nexus (2018–2022, TR); APT (2017–2022, TB)",2017,Segmented Duct for Tilting Proprotors
US2019144109A1,Batch_01,APT,gazetteer,not in the text,,,Bell / Textron,BELL HELICOPTER TEXTRON INC (US),BELL HELICOPTER 20,BELL HELICOPTER 20,1,TR,TB,no,yes,"Nexus (2018–2022, TR); APT (2017–2022, TB)",2017,Extended Range Quad Tiltrotor Aircraft
US2019144126A1,Batch_01,APT,gazetteer,not in the text,,,Bell / Textron,BELL HELICOPTER TEXTRON INC (US),Bell Helicopter 21,Bell Helicopter 21,1,TR,TB,no,yes,"Nexus (2018–2022, TR); APT (2017–2022, TB)",2017,Air Management Systems for Stacked Motor Assemblies
US2020148345A1,Batch_01,APT,gazetteer,Description,Description,"100 is generally configured as a vertical takeoff and landing (""VTOL"") aircraft, more specifically an autonomous pod transport (""APT"") convertible drone aircraft, that is operable in a helicopter mode (shown in",Bell / Textron,BELL HELICOPTER TEXTRON INC (US),BELL HELICOPTER 25,Bell Helicopter 25,1,TB,TB,yes,yes,"Nexus (2018–2022, TR); APT (2017–2022, TB)",2018,ADAPTIVE FLIGHT CONTROLS
US2020062384A1,Batch_01,Bell Helicopter 35,"wizard name, not the assignee",not in the text,,,Bell / Textron,BELL TEXTRON INC (US),Bell Helicopter 35,Bell Helicopter 35,1,TB,,,yes,"Nexus (2018–2022, TR); APT (2017–2022, TB)",2016,Logistics Support Aircraft having a Minimal Drag Configuration
US2021316849A1,Batch_01,APT,gazetteer,not in the text,,,Bell / Textron,BELL TEXTRON INC (US),BELL TEXTRON 15,Bell Textron 15,1,CVT,TB,no,yes,"Nexus (2018–2022, TR); APT (2017–2022, TB)",2020,ROTOR CENTRIFUGAL FORCE RETENTION DEVICE
US2022371727A1,Batch_01,APT,variant proposal,not in the text,,,Bell / Textron,BELL TEXTRON INC (US),Bell Textron 16,Bell Textron 16,4,TW|TW|CVT|TW,TB,no,yes,"Nexus (2018–2022, TR); APT (2017–2022, TB)",2021,ELECTRIC TILTROTOR AIRCRAFT
US2022371727A1,Batch_01,Nexus,variant proposal,not in the text,,,Bell / Textron,BELL TEXTRON INC (US),Bell Textron 16,Bell Textron 16,4,TW|TW|CVT|TW,TR,no,yes,"Nexus (2018–2022, TR); APT (2017–2022, TB)",2021,ELECTRIC TILTROTOR AIRCRAFT
US2022315236A1,Batch_02,Alia-250,gazetteer,not in the text,,,Beta Technologies,BETA AIR LLC (US),BETA AIR 1,Beta Air 1,1,SLC,SLC,yes,,"Alia-250 (2017–2030, SLC); CX300 (2022–2030, ?)",2021,AIRCRAFT FOR SELF-NEUTRALIZING FLIGHT
US2006192046A1,Batch_02,Passenger Air Vehicle,gazetteer,not in the text,,,Boeing,THE BOEING CO,THE BOEING CO,THE BOEING CO,1,SLC,SLC,yes,,"Passenger Air Vehicle (2017–2020, SLC)",2005,Aircraft capable of vertical and short take-off and landing
US8950698B1,Batch_02,Passenger Air Vehicle,gazetteer,not in the text,,,Boeing,THE BOEING CO (US),THE BOEING CO 2,THE BOEING CO 2,1,CVT,SLC,no,,"Passenger Air Vehicle (2017–2020, SLC)",2012,Convertible compounded rotorcraft
US2015375860A1,Batch_02,Passenger Air Vehicle,gazetteer,not in the text,,,Boeing,THE BOEING CO (US),THE BOEING CO 3,THE BOEING CO 3,1,TW,SLC,no,,"Passenger Air Vehicle (2017–2020, SLC)",2014,TILT-ROTOR VERTICAL-LIFT AIRCRAFT
US2016026190A1,Batch_02,Passenger Air Vehicle,gazetteer,not in the text,,,Boeing,THE BOEING CO (US),THE BOEING CO 4,THE BOEING CO 4,1,TR,SLC,no,,"Passenger Air Vehicle (2017–2020, SLC)",2014,Adaptable Automatic Nacelle Conversion for Tilt Rotor Aircraft
US2017159674A1,Batch_02,Passenger Air Vehicle,gazetteer,not in the text,,,Boeing,THE BOEING CO (US),THE BOEING CO 5,THE BOEING CO 5,1,TR,SLC,no,,"Passenger Air Vehicle (2017–2020, SLC)",2015,Variable-Geometry Ducted Fan
US2019092461A1,Batch_02,Passenger Air Vehicle,gazetteer,not in the text,,,Boeing,THE BOEING CO (US),THE BOEING CO 6,THE BOEING CO 6,1,SLC,SLC,yes,,"Passenger Air Vehicle (2017–2020, SLC)",2017,FOLDABLE ROTOR ASSEMBLY FOR FIXED-WING VTOL AIRCRAFT
US2019332126A1,Batch_02,Passenger Air Vehicle,gazetteer,not in the text,,,Boeing,THE BOEING CO (US),THE BOEING CO 7,THE BOEING CO 7,2,SLC|TR,SLC,yes,,"Passenger Air Vehicle (2017–2020, SLC)",2018,PROPULSOR TRIM PREDICTION FOR AIRCRAFT
US2020324886A1,Batch_02,Passenger Air Vehicle,gazetteer,not in the text,,,Boeing,THE BOEING CO (US),THE BOEING CO 8,THE BOEING CO 8,1,MR,SLC,no,,"Passenger Air Vehicle (2017–2020, SLC)",2019,HYBRID MULTIROTOR VEHICLES AND RELATED METHODS
US2022375449A1,Batch_02,Passenger Air Vehicle,gazetteer,not in the text,,,Boeing,BOEING CO (US),The BOEING CO 9,The BOEING CO 9,1,PFV,SLC,no,,"Passenger Air Vehicle (2017–2020, SLC)",2021,ADAPTIVE NOISE CANCELLATION FOR MULTI-ROTOR VEHICLE
US2019023393A1,Batch_02,BlackBird,gazetteer,not in the text,,,CycloTech,CYCLOTECH GMBH (AT),CYCLOTECH GMBH,CYCLOTECH GMBH,1,MR,,,,"BlackBird (2020–2030, ?)",2015,AIRCRAFT
US2022081107A1,Batch_02,H1,gazetteer,not in the text,,,Doroni Aerospace,DORONI AEROSPACE INC (US),DORONI AEROSPACE 1,DORONI AEROSPACE 1,1,SLC,SLC,yes,,"H1 (2021–2030, SLC)",2020,PERSONAL QUADCOPTER AIRCRAFT
US2025242909A1,Batch_02,H1,gazetteer,not in the text,,,Doroni Aerospace,DORONI AEROSPACE INC (US),Doroni Aerospace 2,Doroni Aerospace 2,1,SLC,SLC,yes,,"H1 (2021–2030, SLC)",2024,LIFTING STRUT FOR AIRCRAFT LANDING GEAR
US2021354816A1,Batch_02,Eve eVTOL,gazetteer,not in the text,,,Embraer / Eve,EMBRAER SA (BR),EMBRAER SA 1,EMBRAER SA 1,1,TR,SLC,no,,"Eve eVTOL (2020–2030, SLC)",2018,VERTICAL AND SHORT TAKEOFF AND LANDING (VSTOL) AIRCRAFT
US2019329880A1,Batch_02,Eve eVTOL,gazetteer,not in the text,,,Embraer / Eve,EMBRAER SA (BR),EMBRAER SA 2,EMBRAER SA 2,1,SLC,SLC,yes,,"Eve eVTOL (2020–2030, SLC)",2018,VERTICAL TAKE-OFF AND LANDING (VTOL) AIRCRAFT WITH ROTOR CONFIGURATIONS TOLERANT TO ROTOR FAILURE
US2020079501A1,Batch_02,Eve eVTOL,gazetteer,not in the text,,,Embraer / Eve,EMBRAER SA (BR),EMBRAER SA 3,EMBRAER SA 3,1,SLC,SLC,yes,,"Eve eVTOL (2020–2030, SLC)",2018,VERTICAL TAKE-OFF AND LANDING (VTOL) AIRCRAFT WITH CRUISE ROTOR POSITIONING CONTROL FOR MINIMUM DRAG
US2020354048A1,Batch_02,Eve eVTOL,gazetteer,not in the text,,,Embraer / Eve,EMBRAER SA (BR),EMBRAER SA 4,EMBRAER SA 4,1,SLC,SLC,yes,,"Eve eVTOL (2020–2030, SLC)",2019,VERTICAL TAKE-OFF AND LANDING (VTOL) AIRCRAFT
US2024190562A1,Batch_02,Honda eVTOL,gazetteer,not in the text,,,Honda,HONDA MOTOR CO LTD (JP),HONDA MOTOR 1,Honda Motor 1,1,SLC,SLC,yes,,"Honda eVTOL (2021–2030, SLC)",2022,VERTICAL TAKE-OFF AND LANDING AIRCRAFT
US2024300643A1,Batch_02,Honda eVTOL,gazetteer,not in the text,,,Honda,HONDA MOTOR CO LTD (JP),Honda Motor 7,Honda Motor 7,2,SLC|SLC,SLC,yes,,"Honda eVTOL (2021–2030, SLC)",2023,VERTICAL TAKE-OFF AND LANDING AIRCRAFT
US2024059393A1,Batch_02,Honda eVTOL,gazetteer,not in the text,,,Honda,HONDA MOTOR CO LTD (JP),HONDA MOTOR 2,Honda Motor 2,1,SLC,SLC,yes,,"Honda eVTOL (2021–2030, SLC)",2020,AIRCRAFT
US2023192289A1,Batch_02,Honda eVTOL,gazetteer,not in the text,,,Honda,HONDA MOTOR CO LTD (JP),HONDA MOTOR 3,Honda Motor 3,1,SLC,SLC,yes,,"Honda eVTOL (2021–2030, SLC)",2021,COOLING SYSTEM AND AIRCRAFT
US2023192285A1,Batch_02,Honda eVTOL,gazetteer,not in the text,,,Honda,HONDA MOTOR CO LTD (JP),,HONDA MOTOR 8,1,SLC,SLC,yes,,"Honda eVTOL (2021–2030, SLC)",2021,AIRCRAFT
US2021101675A1,Batch_02,Honda eVTOL,gazetteer,not in the text,,,Honda,HONDA MOTOR CO LTD (JP),HONDA MOTOR 4,HONDA MOTOR 4,1,MR,SLC,no,,"Honda eVTOL (2021–2030, SLC)",2018,MULTICOPTER
US2021188427A1,Batch_02,Honda eVTOL,gazetteer,not in the text,,,Honda,HONDA MOTOR CO LTD (JP),HONDA MOTOR 5,HONDA MOTOR 5,1,HB,SLC,no,,"Honda eVTOL (2021–2030, SLC)",2018,"FLYING OBJECT CONTROL DEVICE, FLYING OBJECT, AND PROGRAM"
US2025304243A1,Batch_02,Honda eVTOL,gazetteer,not in the text,,,Honda,HONDA MOTOR CO LTD (JP),HONDA MOTOR 6,HONDA MOTOR 6,1,PFV,SLC,no,,"Honda eVTOL (2021–2030, SLC)",2024,MOVING OBJECT
US11001377B1,Batch_02,Cavorite X5,gazetteer,not in the text,,,Horizon Aircraft,HORIZON AIRCRAFT INC (CA),HORIZON AIRCRAFT,HORIZON AIRCRAFT,1,SLC,SLC,yes,,"Cavorite X5 (2019–2030, SLC)",2020,Aircraft airfoil and aircraft having the same
US2019308723A1,Batch_02,Hoverbike S3,gazetteer,not in the text,,,Hoversurf,HOVERSURF INC (US),HOVERSURF INC 1,HOVERSURF INC 1,1,PTC,HB,no,,"Hoverbike S3 (2016–2022, HB)",2018,FLYING VEHICLE THRUST DEVICE
US2022126998A1,Batch_02,S-A1,gazetteer,not in the text,,,Hyundai,HYUNDAI MOTOR CO (KR); KIA CORP (KR),HYUNDAI MOTOR 1,HYUNDAI MOTOR 1,1,PTC,CVT,no,,"S-A1 (2019–2022, CVT)",2020,APPARATUS FOR GENERATING THRUST FOR AIR TRANSPORT
US2022144443A1,Batch_02,S-A1,gazetteer,not in the text,,,Hyundai,HYUNDAI MOTOR CO (KR); KIA CORP (KR),HYUNDAI MOTOR 2,HYUNDAI MOTOR 2,1,SLC,CVT,no,,"S-A1 (2019–2022, CVT)",2020,HYBRID AIR MOBILITY VEHICLE
US2022169373A1,Batch_02,S-A1,gazetteer,not in the text,,,Hyundai,HYUNDAI MOTOR CO (KR); KIA CORP (KR),HYUNDAI MOTOR 3,HYUNDAI MOTOR 3,1,CVT,CVT,yes,,"S-A1 (2019–2022, CVT)",2020,PROPELLER TILTING APPARATUS FOR AIR MOBILITY
US2022194618A1,Batch_02,S-A1,gazetteer,not in the text,,,Hyundai,HYUNDAI MOTOR CO (KR); KIA CORP (KR),HYUNDAI MOTOR 4,HYUNDAI MOTOR 4,1,SLC,CVT,no,,"S-A1 (2019–2022, CVT)",2020,AIR MOBILITY VEHICLE
WO2025116483A1,Batch_02,S-A1,gazetteer,not in the text,,,Hyundai,HYUNDAI MOTOR CO (KR); KIA CORP (KR),HYUNDAI MOTOR 5,Hyundai Motor 5,1,TR,CVT,no,,"S-A1 (2019–2022, CVT)",2023,AN AIR MOBILITY APPARATUS HAVING REDUNDANCY OF MULTIPLE POWER SOURCES
US2012119016A1,Batch_02,C-5,sbert,names it (Summary of invention),Summary of invention,"… to have its propellers swing into a stowed position that makes a tightly compact vehicle that can fit into an aircraft (such as a military C-5 cargo plane), ship, or other transport vehicle.",Individual Inventor,SHAW DONALD ORVAL (US),SHAW DONALD ORVAL 1,SHAW DONALD ORVAL 1,1,MR,,,,,2010,Modular Flight Vehicle With Wings
US2023234703A1,Batch_02,MonoWing,sbert,names it (Description of drawings),Description of drawings,"1 is a left rear isometric view of a MonoWing embodiment of the aircraft with the wingtip mounted two-bladed Rotor Control Assemblies in rotor-wing VTOL configuration, with flaps full …",Individual Inventor,BROWN GERALD E (US),BROWN GERALD,BROWN GERALD,1,CVT,,,,,2021,"CONVERTIPLANE WITH STOPPED ROTORS, AND REPOSITIONABLE ROTOR BLADES"
RU2641952C1,Batch_02,XFV-1,sbert,names it (Summary of invention),Summary of invention,"So, the company “Lockheed” was developing a project for VTOL XFV-1 Salmon for the US Navy [Ruzhitsky E.I.",Individual Inventor,SOKHI NIKOLAJ PAVLOVICH (RU),SOKHI NIKOLAJ,SOKHI NIKOLAJ,1,TB,,,,,2016,VERTICAL TAKE-OFF AND LANDING AIRCRAFT
US2021245872A1,Batch_02,QuadPlane,sbert,names it (Abstract),Abstract,It attempts to overcome a limitation of QuadPlane design by making efficient use of both horizontal and vertical propulsions during hovering and vertical flight.,Individual Inventor,POH CHUNG HOW (MY); POH CHUNG KIAK (MY),POH CHUNG 2,POH CHUNG 2,4,SLC|SLC|SLC|SLC,,,,,2020,AIRPLANE WITH TANDEM ROTO-STABILIZERS
US2003085319A1,Batch_02,SkyCar,sbert,names it (Summary of invention),Summary of invention,"… potentially less costly to construct, and substantially safer and less expensive to fly, than either the Sikorsky helicopter or the Moller SkyCar.",Individual Inventor,MILDE KARL F; PRUSZENSKI ANTHONY; WAGNER JOSEPH,MILDE KARL F,MILDE KARL F,1,SLC,,,,,2001,VTOL personal aircraft
US2009266942A1,Batch_02,XC-142A,sbert,names it (Summary of invention),Summary of invention,An example of a tilt-wing aircraft is the LTV/Hiller/Ryan XC-142A.,Individual Inventor,KAREM ABE,KAREM ABE 1,Karem Abe 1,1,TR,,,,,2005,Tilt outboard wing for tilt rotor aircraft
GB201307739D0,Batch_02,ARLTON DAVID J 4,"wizard name, not the assignee",not in the text,,,Individual Inventor,REITER JOHANNES,ARLTON DAVID J 4,ARLTON DAVID J 4,1,TW,,,,,2013,Aircraft for vertical take-off and landing with hinged and bendable wings
CN104229137A,Batch_02,MATSUDA HARI,"wizard name, not the assignee",not in the text,,,Individual Inventor,WU JIANWEI,MATSUDA HARI,MATSUDA HARI,1,TB,,,,,2014,Tailstock aircraft
EP3119674A2,Batch_03,S4,gazetteer,not in the text,,,Joby Aviation,JOBY AVIATION INC (US),JOBY AVIATION 1,Joby Aviation 1,1,CVT,TR,no,,"S4 (2015–2030, TR)",2014,AERODYNAMICALLY EFFICIENT LIGHTWEIGHT VERTICAL TAKE-OFF AND LANDING AIRCRAFT WITH PIVOTING ROTORS AND STOWING ROTOR BLADES
US2015028151A1,Batch_03,S4,gazetteer,not in the text,,,Joby Aviation,JOBY AVIAT INC (US),JOBY AVIAT 2,JOBY AVIAT 2,1,CVT,TR,no,,"S4 (2015–2030, TR)",2013,Aerodynamically Efficient Lightweight Vertical Take-Off And Landing Aircraft With Multi-Configuration Wing Tip Mounted Rotors
US2016031556A1,Batch_03,S4,gazetteer,not in the text,,,Joby Aviation,JOBY AVIAT INC (US),Joby Aviat 1,Joby Aviat 1,1,TR,TR,yes,,"S4 (2015–2030, TR)",2014,"Impact Resistant Propeller System, Fast Response Electric Propulsion System And Lightweight Vertical Take-Off And Landing Aircraft Using Same"
US2018290736A1,Batch_03,S4,gazetteer,not in the text,,,Joby Aviation,JOBY AVIATION INC (US),JOBY AVIATION 2,JOBY AVIATION 2,1,SLC,TR,no,,"S4 (2015–2030, TR)",2016,VTOL AIRCRAFT USING ROTORS TO SIMULATE RIGID WING AERO DYNAMICS
US2026054830A1,Batch_03,S4,gazetteer,not in the text,,,Joby Aviation,JOBY AERO INC (US),JOBY AERO 1,JOBY AERO 1,1,SLC,TR,no,,"S4 (2015–2030, TR)",2023,VTOL Aircraft Using Fixed Forward Canted Rotors With Forward-Facing Rotors
US11465737B1,Batch_03,S4,gazetteer,Description,Description,"Examples of folding propeller applications in aviation include the Joby S22 and S4,3 NASA's, LEAPTech Project, 4 and NASA's GL-10 \Greased Lightning."" Also, folding propellers are used extensively in powered gliders such …",Joby Aviation,JOBY AERO INC (US),Joby Aero 2,Joby Aero 2,1,CVT,TR,no,,"S4 (2015–2030, TR)",2019,Conformal pylon/boom prop-rotors
US2020010187A1,Batch_03,S4,gazetteer,not in the text,,,Joby Aviation,JOBY AERO INC (US),JOBY AERO 3,Joby Aero 3,1,TR,TR,yes,,"S4 (2015–2030, TR)",2018,ELECTRIC POWER SYSTEM ARCHITECTURE AND FAULT TOLERANT VTOL AIRCRAFT USING SAME
US2020361601A1,Batch_03,S4,gazetteer,not in the text,,,Joby Aviation,JOBY AERO INC (US),JOBY AERO 4,JOBY AERO 4,1,TW,TR,no,,"S4 (2015–2030, TR)",2019,VTOL AIRCRAFT
US2009224096A1,Batch_03,Butterfly,gazetteer,not in the text,,,Karem Aircraft,KAREM AIRCRAFT INC (US),KAREM AIRCRAFT 4,KAREM AIRCRAFT 4,1,TR,TR,yes,,"Butterfly (2016–2019, TR)",2008,ROTORCRAFT ENGINE AND ROTOR SPEED SYNCHRONIZATION
US2011024552A1,Batch_03,Butterfly,gazetteer,not in the text,,,Karem Aircraft,KAREM AIRCRAFT INC (US),Karem Aircraft 5,Karem Aircraft 5,1,TR,TR,yes,,"Butterfly (2016–2019, TR)",2008,Anhedral Tip Blades for Tiltrotor Aircraft
US2018346111A1,Batch_03,Butterfly,gazetteer,not in the text,,,Karem Aircraft,KAREM AIRCRAFT INC (US),KAREM AIRCRAFT 2,KAREM AIRCRAFT 2,1,TR,TR,yes,,"Butterfly (2016–2019, TR)",2017,USE OF INDIVIDUAL BLADE CONTROL ON A PROPELLER OR ROTOR IN AXIAL FLIGHT FOR THE PURPOSE OF AERODYNAMIC BRAKING AND POWER RESPONSE MODULATION
US2025340290A1,Batch_03,Butterfly,gazetteer,not in the text,,,Karem Aircraft,KAREM AIRCRAFT INC (US),KAREM AIRCRAFT 3,KAREM AIRCRAFT 3,1,TR,TR,yes,,"Butterfly (2016–2019, TR)",2024,Aircraft With Transonic Rotor
US10526079B1,Batch_03,Flyer,gazetteer,not in the text,,,Kitty Hawk,KITTY HAWK CORP (US),KITTY HAWK,Kitty Hawk,1,MR,MR,yes,yes,"Flyer (2016–2020, MR); Heaviside (2019–2022, TR)",2017,Multicopter with wide span rotor configuration and protective fuselage
US2018105267A1,Batch_03,Flyer,gazetteer,not in the text,,,Kitty Hawk,KITTY HAWK CORP (US),KITTY HAWK 2,Kitty Hawk 2,1,SLC,MR,no,yes,"Flyer (2016–2020, MR); Heaviside (2019–2022, TR)",2016,MULTICOPTER WITH ANGLED ROTORS
US9975631B1,Batch_03,Flyer,gazetteer,not in the text,,,Kitty Hawk,KITTY HAWK CORP (US),Kitty Hawk 3,Kitty Hawk 3,1,TW,MR,no,yes,"Flyer (2016–2020, MR); Heaviside (2019–2022, TR)",2017,Tiltwing multicopter with foldable and non-foldable propellers
US2018086448A1,Batch_03,Flyer,gazetteer,not in the text,,,Kitty Hawk,KITTY HAWK CORP (US),KITTY HAWK 4,KITTY HAWK 4,1,TW,MR,no,yes,"Flyer (2016–2020, MR); Heaviside (2019–2022, TR)",2016,TILT-WING AIRCRAFT
US10144503B1,Batch_03,Flyer,gazetteer,not in the text,,,Kitty Hawk,KITTY HAWK CORP (US),KITTY HAWK 11,KITTY HAWK 11,1,TR,MR,no,yes,"Flyer (2016–2020, MR); Heaviside (2019–2022, TR)",2018,Fixed wing aircraft with trailing rotors
US2017341740A1,Batch_03,Flyer,gazetteer,not in the text,,,Kitty Hawk,KITTY HAWK CORP (US),KITTY HAWK 6,KITTY HAWK 6,1,SRW,MR,no,yes,"Flyer (2016–2020, MR); Heaviside (2019–2022, TR)",2016,STOPPED ROTOR AIRCRAFT
US2018044011A1,Batch_03,Flyer,gazetteer,not in the text,,,Kitty Hawk,KITTY HAWK CORP (US),KITTY HAWK 7,KITTY HAWK 7,2,MR|MR,MR,yes,yes,"Flyer (2016–2020, MR); Heaviside (2019–2022, TR)",2016,ROTOR-BLOWN WING WITH PASSIVELY TILTING FUSELAGE
US2022402603A1,Batch_03,Heaviside,gazetteer,not in the text,,,Kitty Hawk,KITTY HAWK CORP (US),Kitty Hawk 8,Kitty Hawk 8,1,TR,TR,yes,yes,"Flyer (2016–2020, MR); Heaviside (2019–2022, TR)",2021,VEHICLE WITH TRACTOR TILTROTORS AND PUSHER TILTROTORS
US9764833B1,Batch_03,Flyer,gazetteer,not in the text,,,Kitty Hawk,KITTY HAWK CORP (US),KITTY HAWK 9,KITTY HAWK 9,1,SLC,MR,no,yes,"Flyer (2016–2020, MR); Heaviside (2019–2022, TR)",2016,Ventilated rotor mounting boom for personal aircraft
US9957042B1,Batch_03,Flyer,gazetteer,not in the text,,,Kitty Hawk,KITTY HAWK CORP (US),KITTY HAWK 10,KITTY HAWK 10,1,TW,MR,no,yes,"Flyer (2016–2020, MR); Heaviside (2019–2022, TR)",2017,Bimodal propeller aircraft
BR112023017877B1,Batch_03,Lilium Jet,gazetteer,not in the text,,,Lilium,LILIUM GMBH,LILIUM 6,Lilium 6,1,DS,TR,no,,"Lilium Jet (2015–2030, TR)",2021,ELECTRIC MOTOR FOR A VERTICAL TAKE-OFF AND LANDING AIRCRAFT AND VERTICAL TAKE-OFF AND LANDING AIRCRAFT
DE102015017425B3,Batch_03,Lilium Jet,gazetteer,not in the text,,,Lilium,LILIUM GMBH (DE),LILIUM 2,Lilium 2,1,CVT,TR,no,,"Lilium Jet (2015–2030, TR)",2015,Aerofoil for an aircraft and aircraft
EP3998191A1,Batch_03,Lilium Jet,gazetteer,not in the text,,,Lilium,LILIUM EAIRCRAFT GMBH (DE),LILIUM 3,LILIUM 3,1,DS,TR,no,,"Lilium Jet (2015–2030, TR)",2021,PASSENGER AIRCRAFT
EP3998209A1,Batch_03,Lilium Jet,gazetteer,not in the text,,,Lilium,LILIUM EAIRCRAFT GMBH (DE),LILIUM 4,LILIUM 4,3,SLC|SLC|SLC,TR,no,,"Lilium Jet (2015–2030, TR)",2021,WING AND ENGINE STRUCTURE FOR A VERTICAL TAKE-OFF AND LANDING AIRCRAFT
EP4306409A1,Batch_03,Lilium Jet,gazetteer,not in the text,,,Lilium,LILIUM EAIRCRAFT GMBH (DE),Lilium 1,Lilium 1,1,TR,TR,yes,,"Lilium Jet (2015–2030, TR)",2022,ROTATING HINGE JOINT
EP4506770A1,Batch_03,Lilium Jet,gazetteer,not in the text,,,Lilium,LILIUM GMBH (DE),Lilium 5,Lilium 5,1,TR,TR,yes,,"Lilium Jet (2015–2030, TR)",2023,AIRCRAFT CONTROL
US2021229802A1,Batch_03,Butterfly,gazetteer,not in the text,,,Overair,OVERAIR INC (US),OVERAIR,Overair,2,TR|TR,TR,yes,,"Butterfly (2019–2030, TR)",2020,FAIL-OPERATIONAL VTOL AIRCRAFT
US2021229802A1,Batch_03,Joby,variant proposal,names it (Description of drawings),Description of drawings,7 shows the Joby™ six rotor VTOL.,Overair,OVERAIR INC (US),OVERAIR,Overair,2,TR|TR,,,,"Butterfly (2019–2030, TR)",2020,FAIL-OPERATIONAL VTOL AIRCRAFT
US2023339601A1,Batch_03,S-A2,gazetteer,not in the text,,,Supernal,SUPERNAL LLC (CN); SUPERNAL LLC (US),SUPERNAL LLC 2,SUPERNAL LLC 2,1,SLC,TR,no,,"S-A1 (2019–2022, ?); S-A2 (2022–2030, TR)",2022,ROTOR ASSEMBLY
US2024253779A1,Batch_03,S-A2,gazetteer,not in the text,,,Supernal,SUPERNAL LLC (CN); SUPERNAL LLC (US),SUPERNAL LLC 3,SUPERNAL LLC 3,1,SLC,TR,no,,"S-A1 (2019–2022, ?); S-A2 (2022–2030, TR)",2023,CONNECTOR ON AIRCRAFT SENSOR
WO2024151705A1,Batch_03,S-A2,gazetteer,not in the text,,,Supernal,SUPERNAL LLC (CN); SUPERNAL LLC (US),Supernal Llc 4,Supernal Llc 4,1,SLC,TR,no,,"S-A1 (2019–2022, ?); S-A2 (2022–2030, TR)",2023,DEVICES FOR CYCLIC ROTORS
WO2026024461A1,Batch_03,S-A2,gazetteer,not in the text,,,Supernal,SUPERNAL LLC (CN); SUPERNAL LLC (US),SUPERNAL LLC 5,SUPERNAL LLC 5,1,TR,TR,yes,,"S-A1 (2019–2022, ?); S-A2 (2022–2030, TR)",2024,RETENTION BUSHING FOR ROTOR ASSEMBLY
US2025042543A1,Batch_03,Mk-5,gazetteer,not in the text,,,Tetra Aviation,TETRA AVIATION CORP (JP),TETRA AVIATION,TETRA AVIATION,1,SLC,SLC,yes,,"Mk-5 (2019–2030, SLC)",2022,Aircraft and rotor blade module
WO2022180755A1,Batch_03,Mk-5,gazetteer,not in the text,,,Tetra Aviation,TETRA AVIATION CORP (JP),TETRA AVIATION 2,TETRA AVIATION 2,1,SLC,SLC,yes,,"Mk-5 (2019–2030, SLC)",2021,AIRCRAFT
CN115583348A,Batch_03,PWM1,sbert,names it (Description of drawings),Description of drawings,"… regulation, 101 degrees of bidirectional brushed electric regulation, 102 degrees of brushless motor, 103 degrees of two-way relay PWM1 control module, 104 degrees of unidirectional brushless electric regulation, 105 degrees of unidirectional brushed electric regulation, …",Individual Inventor,"JIANG FUYU (FOSHAN CITY, CN)",JIANG FUYU,JIANG FUYU,1,SLC,,,,,2022,Propeller device with variable lift force direction
DE202018002525U1,Batch_03,XV-3,sbert,names it (Summary of invention),Summary of invention,"Bell XV-3, Bell X-22A, North 500.",Individual Inventor,WUCKERT JUERGEN (DE),WUCKERT JUERGEN,WUCKERT JUERGEN,1,TR,,,,,2018,Vertical take-off and landing (VTOL) tiltrotor with tandem rotors
KR20260072583A,Batch_04,위스퍼 에어로 인크,"wizard name, not the assignee",not in the text,,,Individual Inventor,위스퍼 에어로 인크 (US),위스퍼 에어로 인크,위스퍼 에어로 인크,1,DS,,,,,2023,Exhaust area and flow deflection control
UA124132C2,Batch_04,"ПРИВАТНЕ АКЦІОНЕРНЕ ТОВАРИСТВО ""ФЕД""","wizard name, not the assignee",not in the text,,,Individual Inventor,"ПРИВАТНЕ АКЦІОНЕРНЕ ТОВАРИСТВО ""ФЕД""","ПРИВАТНЕ АКЦІОНЕРНЕ ТОВАРИСТВО ""ФЕД""","ПРИВАТНЕ АКЦІОНЕРНЕ ТОВАРИСТВО ""ФЕД""",1,DS,,,,,2020,WING CONSOLE FOR A VERTICAL TAKE-OFF AND LANDING AIRCRAFT AND AN AIRCRAFT WITH SUCH A CONSOLE
US2019168866A1,Batch_04,VC200,sbert,names it (Summary of invention),Summary of invention,"Another known example is a VC200 flying vehicle offered by e-volo, comprising 16 horizontally installed electric engines with propellers, a cockpit with a charging battery …",Individual Inventor,OBSHCHESTVO S OGRANICHENNOJ OT (RU),Obshchestvo S Ogranichennoj 2,Obshchestvo S Ogranichennoj 2,1,HB,,,,,2016,VERTICAL TAKE-OFF AND LANDING AIRCRAFT
RU180474U1,Batch_04,"ФЕДЕРАЛЬНОЕ ГОСУДАРСТВЕННОЕ УНИТАРНОЕ ПРЕДПРИЯТИЕ ""СИБИРСКИЙ НАУЧНО ИССЛЕДОВАТЕЛЬСКИЙ ИНСТИТУТ АВИАЦИИ ИМ СА ЧАПЛЫГИНА"" 2","wizard name, not the assignee",not in the text,,,Unknown / Independent,"ФЕДЕРАЛЬНОЕ ГОСУДАРСТВЕННОЕ УНИТАРНОЕ ПРЕДПРИЯТИЕ ""СИБИРСКИЙ НАУЧНО ИССЛЕДОВАТЕЛЬСКИЙ ИНСТИТУТ АВИАЦИИ ИМ СА ЧАПЛЫГИНА""","ФЕДЕРАЛЬНОЕ ГОСУДАРСТВЕННОЕ УНИТАРНОЕ ПРЕДПРИЯТИЕ ""СИБИРСКИЙ НАУЧНО ИССЛЕДОВАТЕЛЬСКИЙ ИНСТИТУТ АВИАЦИИ ИМ СА ЧАПЛЫГИНА"" 2","ФЕДЕРАЛЬНОЕ ГОСУДАРСТВЕННОЕ УНИТАРНОЕ ПРЕДПРИЯТИЕ ""СИБИРСКИЙ НАУЧНО ИССЛЕДОВАТЕЛЬСКИЙ ИНСТИТУТ АВИАЦИИ ИМ СА ЧАПЛЫГИНА"" 2",1,TR,,,,,2017,Vertical takeoff and landing airplane
US2012056040A1,Batch_04,FlightMax,sbert,names it (Description of drawings),Description of drawings,"… DS-94-DIA-3ph with Lehner 2280 motor and a Stumax 110-52 with Neu 1915-IY motor) with and without inlet ducts wherein batteries were 2×6s FlightMax 5000 mAh LiPo in series, ESC used was Schultz Future 40.160, static thrust was measured in a bench-top rig using an Imago force meter, …",Unknown / Independent,GEOLA TECHNOLOGY LTD (GB),GEOLA TECHNOLOGY,GEOLA TECHNOLOGY,2,MR|SLC,,,,,2009,Electric VTOL Aircraft
US2012056040A1,Batch_04,DS-94,variant proposal,names it (Description of drawings),Description of drawings,input electrical power of two different models of electric ducted fan (an un-modified Schuebeler DS-94-DIA-3ph with Lehner 2280 motor and a Stumax 110-52 with Neu 1915-IY motor) with and without inlet ducts wherein batteries were 2×6s …,Unknown / Independent,GEOLA TECHNOLOGY LTD (GB),GEOLA TECHNOLOGY,GEOLA TECHNOLOGY,2,MR|SLC,,,,,2009,Electric VTOL Aircraft
US2019270517A1,Batch_04,Very,sbert,names it (Summary of invention),Summary of invention,"The aircraft described in these documents are sometimes referred to as ‘enclosed rotor’ designs and characteristically feature very high rotor loadings and, for this reason, are also sometimes referred to as Very High Disk Load (VHDL) aircraft, having disk loads in …",Unknown / Independent,MONO AEROSPACE IP LTD (GB),MONO AEROSPACE IP,MONO AEROSPACE IP,1,SLC,,,,,2016,VERTICAL TAKE-OFF AND LANDING AIRCRAFT
US2024124134A1,Batch_04,SWFT-1,sbert,names it (Description of drawings),Description of drawings,10I shows a photograph of the SWFT-1 aircraft in a low-speed wind tunnel.,Unknown / Independent,GEORGIA TECHNOLOGY RESEARCH INSTITUTE (US); NATIONAL AERONAUTICS & SPACE ADMINISTRATION (US),GEORGIA TECHNOLOGY RESEARCH INSTITUTE (US); NATIONAL AERONAUTICS & SPACE ADMINISTRATION,GEORGIA TECHNOLOGY RESEARCH INSTITUTE (US); NATIONAL AERONAUTICS & SPACE ADMINISTRATION,1,CVT,,,,,2022,ELECTRIC VTOL AIRCRAFT WITH TILTING PROPELLERS AND LIFTING PROPELLERS
US2025171141A1,Batch_04,VSTOL,sbert,names it (Summary of invention),Summary of invention,"… to vertical takeoff and landing aircraft (VTOL) or short takeoff and landing aircraft (STOL, collectively VTOL and STOL are referred to as VSTOL).",Unknown / Independent,SPYDAR SENSORS INC (US),SPYDAR SENSORS,SPYDAR SENSORS,1,SLC,,,,,2023,A Vertical Takeoff and Landing Assistance Aircraft using Fixed Angle Ducted Motors
WO2022225421A1,Batch_04,FLYPURRZ,"wizard name, not the assignee",not in the text,,,Unknown / Independent,OBSHCHESTVO S OGRANICHENNOY OTVETSTVENNOSTYU NAUCHNO PROIZVODSTVENNOE OBEDINENIE IMENI PETROVA VA (RU),FLYPURRZ,FLYPURRZ,1,SLC,,,,,2021,VERTICAL TAKE-OFF AND LANDING AIRCRAFT
WO2026062567A1,Batch_04,multi-role,sbert,names it (Summary of invention),Summary of invention,"The VTOL aircraft 102 is referred to as a multi-role high-endurance UAV as the aircraft is configured to perform diverse operational missions including surveillance, reconnaissance, …",Unknown / Independent,I HUB FOR ROBOTICS & AUTONOMOUS SYSTEM INNOVATION FOUND (IN); MINI OF HEAVY INDUSTRY MHI GOV OF INDIA (IN),I HUB FOR ROBOTICS & AUTONOMOUS SYSTEM INNOVATION FOUND (IN); MINI OF HEAVY INDUSTRY MHI GOV OF INDIA,I HUB FOR ROBOTICS & AUTONOMOUS SYSTEM INNOVATION FOUND (IN); MINI OF HEAVY INDUSTRY MHI GOV OF INDIA,1,SLC,,,,,2024,VERTICAL TAKE-OFF AND LANDING AIRCRAFT WITH ENHANCED ERGONOMICS
WO2025065072A1,Batch_04,LiftSystem,sbert,names it (Summary of invention),Summary of invention,"… vector control nozzle for turbine engines considerably lighter and simplified than the only known thrust vector control nozzle Rolls-Royce LiftSystem, which equips the aforementioned North American fighter F-35B;",Individual Inventor,FERNANDES DE CASTRO PLINIO (BR),FERNANDES DE CASTRO PLINIO,FERNANDES DE CASTRO PLINIO,1,SRW,,,,,2023,CONVERTIBLE AIRCRAFT WITH TANDEM ROTORS THAT ARE STOPPED DURING FLIGHT ON TRANSITION TO AIRPLANE MODE AND RESTARTED ON CONVERSION BACK TO HELICOPTER FLIGHT MODE
KR101129249B1,Batch_04,조금배,"wizard name, not the assignee",not in the text,,,Unknown / Independent,조금배 (KR),조금배,조금배,1,HB,,,,,2011,A vertical takeoff and landing aircraft
US2013264429A1,Batch_05,CL-84,sbert,names it (Summary of invention),Summary of invention,Other well-known type of the convertible aircraft is Canadair CL-84 (http://en.wikipedia.org/wiki/Canadair_CL-84).,Unknown / Independent,SKEM SRL (IT),,SKEM SRL 1,1,TR,,,,,2012,CONVERTIBLE AIRPLANE
US2023286650A1,Batch_05,VX4,gazetteer,not in the text,,,Vertical Aerospace,VERTICAL AEROSPACE GROUP LTD (GB),VERTICAL AEROSPACE,Vertical Aerospace,1,TR,CVT,no,,"VX4 (2020–2030, CVT)",2020,FLYING VEHICLE ROTOR ARRANGEMENT
GB202410221D0,Batch_05,VX4,gazetteer,not in the text,,,Vertical Aerospace,VERTICAL AEROSPACE GROUP LTD,Vertical Aerospace 2,Vertical Aerospace 2,1,TR,CVT,no,,"VX4 (2020–2030, CVT)",2024,Propellers
US2021245873A1,Batch_05,Cora,gazetteer,not in the text,,,Wisk Aero,WISK AERO LLC (US),WISK AERO,WISK AERO,1,SLC,SLC,yes,yes,"Cora (2017–2021, SLC); Generation 6 (2022–2030, CVT)",2020,AIRCRAFT WITH PUSHER PROPELLER
US2022126996A1,Batch_05,Cora,gazetteer,not in the text,,,Wisk Aero,WISK AERO LLC (US),Wisk Aero 2,Wisk Aero 2,1,TR,SLC,no,yes,"Cora (2017–2021, SLC); Generation 6 (2022–2030, CVT)",2020,VTOL AIRCRAFT FAN TILTING MECHANISMS AND ARRANGEMENTS
US2023234705A1,Batch_05,Generation 6,gazetteer,not in the text,,,Wisk Aero,WISK AERO LLC (US),wisk Aero 3,wisk Aero 3,1,TR,CVT,no,yes,"Cora (2017–2021, SLC); Generation 6 (2022–2030, CVT)",2022,INTEGRATED PROPELLER-BOOM FAIRING
US2024097521A1,Batch_05,Generation 6,gazetteer,not in the text,,,Wisk Aero,WISK AERO LLC (US),wisk aero 5,wisk aero 5,1,SLC,CVT,no,yes,"Cora (2017–2021, SLC); Generation 6 (2022–2030, CVT)",2022,STRUCTURAL STATOR CORE
US12486026B1,Batch_05,Generation 6,gazetteer,not in the text,,,Wisk Aero,WISK AERO LLC (US),WISK AERO 4,WISK AERO 4,1,TR,CVT,no,yes,"Cora (2017–2021, SLC); Generation 6 (2022–2030, CVT)",2022,Aerodynamic rotor blade strake
CN119231794A,Batch_05,AE200,gazetteer,not in the text,,,Wofei / Geely Aviation,"SICHUAN WOFEI CHANGKONG TECHNOLOGY DEVELOPMENT CO LTD (CHENGDU CITY, CN); ZHEJIANG GEELY HOLDING GROUP CO LTD",SICHUAN WOFEI,Sichuan Wofei,1,SLC,CVT,no,,"AE200 (2019–2030, CVT)",2024,"Power motor, electric engine, electric propulsion device and aircraft"
CN119262274A,Batch_05,AE200,gazetteer,not in the text,,,Wofei / Geely Aviation,"SICHUAN WOFEI CHANGKONG TECHNOLOGY DEVELOPMENT CO LTD (CHENGDU CITY, CN); ZHEJIANG GEELY HOLDING GROUP CO LTD",SICHUAN WOFEI 2,SICHUAN WOFEI 2,1,SLC,CVT,no,,"AE200 (2019–2030, CVT)",2024,Folding propeller mechanism of aircraft and aircraft
EP3974315A1,Batch_05,Zuri 2.0,gazetteer,not in the text,,,Zuri,ZURI COM SE (CZ),,ZURI COM SE 3,4,SLC|SLC|SLC|SLC,SLC,yes,,"Zuri 2.0 (2017–2030, SLC)",2020,VERTICAL TAKEOFF AND LANDING AIRCRAFT
EP4134301A1,Batch_05,Zuri 2.0,gazetteer,not in the text,,,Zuri,ZURI COM SE (CZ),ZURI COM SE,ZURI COM SE,1,CVT,SLC,no,,"Zuri 2.0 (2017–2030, SLC)",2021,VERTICAL TAKEOFF AND LANDING AIRCRAFT
US2023211877A1,Batch_05,Zuri 2.0,gazetteer,not in the text,,,Zuri,ZURI COM SE (CZ),ZURI COM SE 2,ZURI COM SE 2,1,TR,SLC,no,,"Zuri 2.0 (2017–2030, SLC)",2022,VERTICAL TAKEOFF AND LANDING AIRCRAFT
